{
  "Arkona": {
    "mae": 24.39785385131836,
    "stdDev": 30.59670791517188
  },
  "Boltenhagen": {
    "mae": 24.64661979675293,
    "stdDev": 31.5123828236699
  },
  "Cuxhaven": {
    "mae": 22.217681884765625,
    "stdDev": 28.845903729215472
  },
  "Emden": {
    "mae": 22.3557186126709,
    "stdDev": 28.838142175896536
  },
  "Fehmarn": {
    "mae": 24.116140365600586,
    "stdDev": 30.913710405532527
  },
  "Hattstedt": {
    "mae": 17.84503746032715,
    "stdDev": 23.138290825462267
  },
  "Hohwacht": {
    "mae": 24.402490615844727,
    "stdDev": 30.33229793826319
  },
  "Karlshagen": {
    "mae": 20.569793701171875,
    "stdDev": 26.468191251081965
  },
  "Konstanz": {
    "mae": 21.599163055419922,
    "stdDev": 28.759357584524775
  },
  "Ueckermuende": {
    "mae": 24.76323890686035,
    "stdDev": 31.93966980417436
  }
}