{
  "Arkona": {
    "mae": 1.845436453819275,
    "stdDev": 2.426514402140341
  },
  "Boltenhagen": {
    "mae": 1.8584184646606445,
    "stdDev": 2.405101723175079
  },
  "Cuxhaven": {
    "mae": 1.6912363767623901,
    "stdDev": 2.246169907588492
  },
  "Emden": {
    "mae": 1.6587929725646973,
    "stdDev": 2.2107349869036215
  },
  "Fehmarn": {
    "mae": 1.8511019945144653,
    "stdDev": 2.395029386635439
  },
  "Hattstedt": {
    "mae": 1.3187477588653564,
    "stdDev": 1.7253218870002855
  },
  "Hohwacht": {
    "mae": 1.7621928453445435,
    "stdDev": 2.2863274856768774
  },
  "Karlshagen": {
    "mae": 1.5703622102737427,
    "stdDev": 2.060520082888021
  },
  "Konstanz": {
    "mae": 1.559576153755188,
    "stdDev": 2.1613274381576053
  },
  "Ploen": {
    "mae": 1.6687631607055664,
    "stdDev": 2.259455716063052
  },
  "Ueckermuende": {
    "mae": 1.8401333093643188,
    "stdDev": 2.428403049995056
  }
}