{"Arkona": 1.0688276290893555, "Boltenhagen": 1.4058271646499634, "Cuxhaven": 1.3047317266464233, "Emden": 1.6132358312606812, "Fehmarn": 1.2135443687438965, "Hattstedt": 1.5351234674453735, "Hohwacht": 1.472918152809143, "Karlshagen": 1.6920976638793945, "Konstanz": 1.689049482345581, "Ploen": 1.4503804445266724, "Prien": 1.9963078498840332, "Ueckermuende": 1.6236867904663086}