{
  "Arkona": {
    "mae": 0.8157594799995422,
    "stdDev": 1.0920614917505644
  },
  "Boltenhagen": {
    "mae": 0.9648084044456482,
    "stdDev": 1.2989873991978371
  },
  "Cuxhaven": {
    "mae": 0.9409683346748352,
    "stdDev": 1.2508636445982584
  },
  "Emden": {
    "mae": 1.03413987159729,
    "stdDev": 1.3638518953563035
  },
  "Fehmarn": {
    "mae": 0.8933711051940918,
    "stdDev": 1.1818097264061667
  },
  "Hattstedt": {
    "mae": 1.0483251810073853,
    "stdDev": 1.4016807520272263
  },
  "Hohwacht": {
    "mae": 1.0829448699951172,
    "stdDev": 1.4313463977582066
  },
  "Karlshagen": {
    "mae": 1.1050350666046143,
    "stdDev": 1.4998974815103214
  },
  "Konstanz": {
    "mae": 0.9766523241996765,
    "stdDev": 1.311031805460867
  },
  "Ploen": {
    "mae": 1.0009740591049194,
    "stdDev": 1.3245676514770857
  },
  "Ueckermuende": {
    "mae": 1.1253002882003784,
    "stdDev": 1.492070592247247
  }
}