{"Arkona": 0.9221163988113403, "Boltenhagen": 1.1947040557861328, "Cuxhaven": 1.0145765542984009, "Emden": 1.205958366394043, "Fehmarn": 0.9722350835800171, "Hattstedt": 1.1222715377807617, "Hohwacht": 1.1924536228179932, "Karlshagen": 1.2455841302871704, "Konstanz": 1.255837321281433, "Ploen": 1.0859845876693726, "Prien": 1.5983569622039795, "Ueckermuende": 1.546975016593933}