{
  "Arkona": {
    "mae": 0.830562949180603,
    "stdDev": 1.1167076333422254
  },
  "Boltenhagen": {
    "mae": 1.0128768682479858,
    "stdDev": 1.3568328959462481
  },
  "Cuxhaven": {
    "mae": 0.9713464975357056,
    "stdDev": 1.2969801618540464
  },
  "Emden": {
    "mae": 1.0758813619613647,
    "stdDev": 1.4315944278485606
  },
  "Fehmarn": {
    "mae": 0.9314945936203003,
    "stdDev": 1.2396944702752715
  },
  "Hattstedt": {
    "mae": 1.162919282913208,
    "stdDev": 1.5464948202666715
  },
  "Hohwacht": {
    "mae": 1.1077733039855957,
    "stdDev": 1.483356946162463
  },
  "Karlshagen": {
    "mae": 1.1700079441070557,
    "stdDev": 1.5631082229453404
  },
  "Konstanz": {
    "mae": 0.9750067591667175,
    "stdDev": 1.3305139416380667
  },
  "Ueckermuende": {
    "mae": 1.1442009210586548,
    "stdDev": 1.5272525377534318
  }
}