{"Arkona": {"mae": 0.8075597286224365, "stdDev": 1.0806993151539632}, "Boltenhagen": {"mae": 0.9825050234794617, "stdDev": 1.3276981060691506}, "Cuxhaven": {"mae": 0.9533156156539917, "stdDev": 1.273316155765599}, "Emden": {"mae": 1.0445622205734253, "stdDev": 1.3749913867208545}, "Fehmarn": {"mae": 0.8858514428138733, "stdDev": 1.18521541300131}, "Hattstedt": {"mae": 1.119149088859558, "stdDev": 1.4655875924001738}, "Hohwacht": {"mae": 1.0752198696136475, "stdDev": 1.4401707269314423}, "Karlshagen": {"mae": 1.1623793840408325, "stdDev": 1.5414449297574468}, "Konstanz": {"mae": 0.9594996571540833, "stdDev": 1.296564334432487}, "Ueckermuende": {"mae": 1.1085635423660278, "stdDev": 1.4724531419936349}}