{
  "Arkona": {
    "mae": 2.6487529277801514,
    "stdDev": 3.3832625620772436
  },
  "Boltenhagen": {
    "mae": 2.0730409622192383,
    "stdDev": 2.7454710976037178
  },
  "Cuxhaven": {
    "mae": 1.9091190099716187,
    "stdDev": 2.457560521172567
  },
  "Emden": {
    "mae": 1.5874863862991333,
    "stdDev": 2.0647894356305008
  },
  "Fehmarn": {
    "mae": 2.5105175971984863,
    "stdDev": 3.2835438282587486
  },
  "Hattstedt": {
    "mae": 1.6012150049209595,
    "stdDev": 2.0998183112872
  },
  "Hohwacht": {
    "mae": 1.5581082105636597,
    "stdDev": 2.2843345140098115
  },
  "Karlshagen": {
    "mae": 2.508697509765625,
    "stdDev": 3.4837726606041026
  },
  "Konstanz": {
    "mae": 0.8894204497337341,
    "stdDev": 1.252151602267899
  },
  "Ueckermuende": {
    "mae": 1.516723871231079,
    "stdDev": 2.0787536594027562
  }
}