{
  "Arkona": {
    "mae": 1.0262486934661865,
    "stdDev": 1.3006382841866768
  },
  "Boltenhagen": {
    "mae": 0.8832648396492004,
    "stdDev": 1.1420180364324
  },
  "Cuxhaven": {
    "mae": 0.806595504283905,
    "stdDev": 1.0269782222656476
  },
  "Emden": {
    "mae": 0.6917341947555542,
    "stdDev": 0.8796278313286738
  },
  "Fehmarn": {
    "mae": 1.0229675769805908,
    "stdDev": 1.3061278021438176
  },
  "Hattstedt": {
    "mae": 0.7499889731407166,
    "stdDev": 0.9516661505744011
  },
  "Hohwacht": {
    "mae": 0.7073168158531189,
    "stdDev": 0.9903680196396345
  },
  "Karlshagen": {
    "mae": 1.0907933712005615,
    "stdDev": 1.4295883053619451
  },
  "Konstanz": {
    "mae": 0.4920346140861511,
    "stdDev": 0.653844446652766
  },
  "Ueckermuende": {
    "mae": 0.7131373882293701,
    "stdDev": 0.9420836446489035
  }
}