{
  "Arkona": {
    "mae": 1.0262079238891602,
    "stdDev": 1.310503035959734
  },
  "Boltenhagen": {
    "mae": 0.8796824812889099,
    "stdDev": 1.1288535813462506
  },
  "Cuxhaven": {
    "mae": 0.8027247786521912,
    "stdDev": 1.0351137615072976
  },
  "Emden": {
    "mae": 0.675500214099884,
    "stdDev": 0.8731027435231482
  },
  "Fehmarn": {
    "mae": 1.0113626718521118,
    "stdDev": 1.2930561508860348
  },
  "Hattstedt": {
    "mae": 0.7623692154884338,
    "stdDev": 0.9676280199137758
  },
  "Hohwacht": {
    "mae": 0.7202513217926025,
    "stdDev": 0.9974037205720849
  },
  "Karlshagen": {
    "mae": 1.082464575767517,
    "stdDev": 1.4461227676657256
  },
  "Konstanz": {
    "mae": 0.49632924795150757,
    "stdDev": 0.6518114017265649
  },
  "Ueckermuende": {
    "mae": 0.7035350203514099,
    "stdDev": 0.9271936371660197
  }
}